,dst_ip,ratio
0,192.168.107.222,0.11012730364527924
1,192.168.107.223,0.1098639174863831
2,192.168.107.226,0.10896659728395756
3,192.168.107.227,0.4358269662110675
4,192.168.107.234,0.434916100835895
5,192.168.107.238,0.10893858027037764
