,dst_ip,ratio
0,192.168.107.222,0.10963331172985868
1,192.168.107.223,0.10974717489554876
2,192.168.107.226,0.10902491449040304
3,192.168.107.227,0.43754475348788274
4,192.168.107.234,0.43671270117611505
5,192.168.107.238,0.11108808044850921
