,dst_ip,ratio
0,192.168.107.114,0.9984035031573432
1,192.168.107.126,0.9956494408617166
2,192.168.107.205,1.023619120662581
3,192.168.107.222,0.10963331172985868
4,192.168.107.223,0.10974717489554876
5,192.168.107.226,0.10902491449040304
6,192.168.107.227,0.43754475348788274
7,192.168.107.234,0.43671270117611505
8,192.168.107.238,0.11108808044850921
9,192.168.107.58,0.9657595912590121
